female,black,hispanic,bytest,dadcoll,momcoll,ownhome,urban,cue80,stwmfg80,dist,tuition,ed,incomehi
0,0,0,65.13,1,1,1,0,5.8,9.55,0.1,0.806,16,1
1,0,1,58.8,0,0,1,0,5.8,9.55,0.1,0.806,13,1
0,0,0,62.97,1,0,1,0,5.8,9.55,0.1,0.806,13,1
0,0,0,58.94,1,1,0,0,5.8,9.55,0.1,0.806,15,0
0,0,1,53.91,0,0,1,0,4.4,9.55,1.5,0.806,12,1
1,0,1,48.25,1,0,1,0,4.4,9.55,1.5,0.806,12,0
0,0,0,63.12,1,0,1,0,6.1,8.1,1.6,0.73095,15,1
1,0,0,46.89,1,1,1,0,6.1,8.1,1.6,0.73095,13,1
0,0,0,46.67,0,0,1,0,6.1,8.1,1.6,0.73095,13,0
0,0,0,56.66,0,0,1,0,6.1,8.1,1.6,0.73095,13,0
1,0,0,45.92,0,0,1,0,6.1,8.1,1.6,0.73095,12,0
1,0,0,44.31,0,0,1,0,6.1,8.1,1.6,0.73095,12,0
0,0,1,49.35,1,0,1,1,6.9,9.55,0.1,0.806,16,0
0,0,1,45.31,0,0,1,1,6.9,9.55,0.1,0.806,14,0
1,0,0,67.4,0,0,1,1,6.1,8.1,0.4,0.73095,14,0
1,0,0,47.88,0,0,1,1,6.1,8.1,0.4,0.73095,12,0
0,0,1,38.91,0,0,1,1,6.1,8.1,0.4,0.73095,14,0
1,0,1,48.1,0,0,0,1,6.1,8.1,0.4,0.73095,12,0
0,0,0,43.64,0,0,1,0,5.9,8.41,1,0.69284,12,1
1,0,0,40.36,0,0,1,0,6.1,8.1,0.4,0.73095,12,1
1,0,0,50.78,1,0,1,0,6.1,8.1,0.4,0.73095,14,1
0,0,0,60.05,0,1,1,0,6.1,8.1,0.4,0.73095,12,0
0,0,0,45.39,1,1,1,0,6.1,8.1,0.4,0.73095,14,0
1,0,0,63.13,1,0,1,0,6.1,8.1,0.4,0.73095,15,1
0,0,0,49.05,0,0,1,0,6.1,8.1,0.4,0.73095,15,0
0,0,0,51.71,0,0,1,0,6.1,8.1,0.4,0.73095,12,0
1,0,0,58.72,1,0,1,0,6.1,8.1,0.4,0.73095,16,0
0,0,1,53.58,0,0,1,0,6.8,10.15,0.3,0.83141,12,0
1,0,0,50.25,1,0,0,0,6.8,10.15,0.3,0.83141,12,0
1,0,1,50.86,0,0,1,0,6.8,10.15,0.3,0.83141,13,1
1,0,0,43.17,0,0,1,0,6.8,10.15,0.3,0.83141,13,1
0,0,0,68.22,0,0,1,1,7.3,11.37,0.1,0.61547,16,0
1,0,0,46.33,0,0,1,1,7.3,11.37,0.1,0.61547,12,0
0,0,0,54.26,0,0,1,1,7.3,11.37,0.1,0.61547,12,0
1,0,0,57.9,1,0,1,1,7.3,11.37,0.1,0.61547,16,1
0,0,0,56.96,0,0,1,1,7.3,11.37,0.1,0.61547,12,0
0,0,0,58,0,0,1,1,7.3,11.37,0.1,0.61547,12,0
0,0,0,43.61,1,0,1,0,5.9,8.41,0.4,0.69284,13,1
0,0,0,57.38,0,0,1,0,5.9,8.41,0.4,0.69284,15,0
0,0,1,53.56,0,0,1,0,5.9,8.41,0.4,0.69284,15,0
0,0,0,54.68,1,0,1,0,5.3,9.5,3,0.54734,14,0
0,0,1,43.63,0,0,1,0,6.1,8.1,2.5,0.73095,14,0
0,0,1,58.88,0,0,1,0,6.1,8.1,2.5,0.73095,12,0
1,0,0,55.09,1,0,1,0,6.1,8.1,2.5,0.73095,14,1
1,0,1,41.2,0,0,1,0,7.2,8.1,0.5,0.73095,12,0
1,0,0,36.07,0,0,0,0,7.2,8.1,0.5,0.73095,12,0
0,0,0,54.31,0,0,1,0,7.2,8.1,0.8,0.73095,12,0
0,0,0,42.46,1,0,1,0,7.2,8.1,0.8,0.73095,13,0
0,0,0,58.55,0,0,0,0,7.2,8.1,0.8,0.73095,14,0
1,0,0,58.84,1,1,1,0,7.2,8.1,0.8,0.73095,15,0
1,0,1,40.38,0,0,0,0,6.1,8.1,1.5,0.73095,12,0
0,0,0,45.83,1,1,1,0,6.1,8.1,1.5,0.73095,13,0
1,0,0,60.35,1,0,1,0,6.1,8.1,1.5,0.73095,16,1
0,0,0,46.22,0,0,1,0,6.1,8.1,1.5,0.73095,12,0
0,0,0,56.86,1,1,1,0,6.1,8.1,1.5,0.73095,15,1
1,0,0,53.24,1,0,1,0,6.1,8.1,1.5,0.73095,12,0
0,0,0,45.69,0,0,1,0,6.1,8.1,1.5,0.73095,14,1
1,0,0,49.9,0,0,1,0,6.1,8.1,1.5,0.73095,14,0
1,0,0,56.07,0,0,1,0,6.1,8.1,1.5,0.73095,14,0
0,0,0,61.16,0,0,1,0,10.3,9.55,1.1,0.806,16,0
1,0,0,46.06,1,0,1,0,10.3,9.55,1.1,0.806,13,0
0,0,0,45.87,0,1,1,0,10.3,9.55,1.1,0.806,16,1
1,0,1,34.48,0,0,1,0,10.3,9.55,1.1,0.806,12,0
1,0,0,60.79,0,0,1,0,4.6,11.37,5,0.61547,13,0
1,0,0,50.01,0,0,1,0,4.6,11.37,5,0.61547,14,0
1,0,0,54.06,1,1,0,0,4.6,11.37,5,0.61547,15,0
0,0,0,57.7,1,0,1,0,4.6,11.37,5,0.61547,12,0
0,0,0,46.94,0,0,0,0,4.6,11.37,5,0.61547,12,0
0,0,0,37.2,0,0,1,0,16.3,8.41,2.5,0.69284,13,0
0,0,0,41.37,0,0,0,0,16.3,8.41,2.5,0.69284,13,0
1,0,0,32.76,0,0,1,0,16.3,8.41,2.5,0.69284,13,0
0,0,0,54.89,0,0,0,0,16.3,8.41,2.5,0.69284,14,0
1,0,0,34.78,0,0,1,0,16.3,8.41,2.5,0.69284,13,0
1,0,0,38.1,0,0,1,0,16.3,8.41,2.5,0.69284,14,0
1,0,0,62.33,1,0,1,0,5.9,8.32,9,0.49538,14,1
0,0,0,46.94,1,0,1,0,5.9,8.32,9,0.49538,13,1
0,0,1,41.54,0,0,1,0,5.9,8.32,9,0.49538,12,0
1,0,0,61.45,0,0,1,0,5.9,8.32,9,0.49538,13,1
0,0,1,42.83,0,0,1,0,5.9,8.32,9,0.49538,13,0
0,0,0,45.8,0,0,1,0,5.9,8.32,9,0.49538,12,1
1,0,0,40.32,0,0,1,0,7.7,9.55,6.5,0.806,12,0
0,0,0,60.32,1,0,1,0,7.7,9.55,6.5,0.806,17,0
0,0,0,38.02,0,0,0,0,7.7,9.55,6.5,0.806,12,1
0,0,0,63.92,0,0,1,0,7.7,9.55,6.5,0.806,12,0
1,0,0,61.25,0,0,1,0,7.7,9.55,6.5,0.806,12,0
1,0,0,43.98,0,0,1,0,7.7,9.55,6.5,0.806,15,0
1,0,0,44.05,0,0,1,0,7.7,9.55,6.5,0.806,13,0
1,0,0,47.27,0,0,1,0,7.7,9.55,6.5,0.806,13,0
0,0,0,46.46,0,0,1,0,7.7,9.55,6.5,0.806,12,0
1,0,0,39.21,0,0,1,0,7.7,9.55,6.5,0.806,13,0
1,0,1,52.42,0,0,1,0,7.7,9.55,6.5,0.806,12,0
0,0,0,51.75,0,0,0,0,7.7,9.55,6.5,0.806,14,0
0,0,0,45.83,0,0,1,0,7.7,9.55,6.5,0.806,12,0
1,0,0,50.77,0,0,0,0,6.8,10.15,0.8,0.83141,12,0
1,1,0,39.41,0,0,1,0,6.8,10.15,0.8,0.83141,13,0
1,0,1,46.56,0,0,0,0,6.8,10.15,0.8,0.83141,12,0
0,0,0,50.99,0,0,1,0,6.8,10.15,0.8,0.83141,17,0
0,0,0,40.77,0,0,1,0,6.8,10.15,0.8,0.83141,12,0
1,0,0,45.74,0,0,0,0,6.8,10.15,0.8,0.83141,12,0
1,0,0,49.18,0,0,1,0,8.2,9.55,2,0.806,13,0
1,0,0,51.98,0,0,1,0,6.8,11.37,0.2,0.61547,12,0
1,0,0,45.96,0,1,1,0,6.8,11.37,0.2,0.61547,14,0
0,0,0,50.15,0,0,1,0,6.8,11.37,0.2,0.61547,14,0
1,0,0,53.24,1,0,1,0,6.8,11.37,0.2,0.61547,16,1
0,0,0,64.43,0,0,1,0,6.8,11.37,0.2,0.61547,17,0
1,0,1,44.1,0,0,1,0,11.9,8.41,16,0.69284,12,0
1,0,1,48.16,0,0,1,0,11.9,8.41,16,0.69284,14,1
1,0,0,45.1,1,1,0,0,11.9,8.41,16,0.69284,12,0
0,0,1,41.2,0,0,0,0,11.9,8.41,16,0.69284,12,0
0,0,0,47.61,0,0,1,0,11.9,8.41,16,0.69284,12,0
0,0,0,62.26,0,1,1,0,11.9,8.41,16,0.69284,16,1
1,0,0,44.73,0,0,1,0,11.9,8.41,16,0.69284,12,0
1,0,0,46.09,0,0,0,0,11.9,8.41,16,0.69284,12,1
0,0,0,49.27,0,1,1,0,5.5,11.56,2.5,1.07737,16,1
0,0,0,45.11,0,0,1,0,5.5,11.56,2.5,1.07737,13,1
1,0,0,72.81,0,1,1,0,5.5,11.56,2.5,1.07737,12,0
1,0,0,39.17,0,0,1,0,5.5,11.56,2.5,1.07737,12,0
1,0,0,57.21,1,0,1,0,5.5,11.56,2.5,1.07737,16,1
0,0,0,59.16,0,0,1,0,5.5,11.56,2.5,1.07737,12,0
1,0,0,54.64,0,1,1,0,8,12.96,1,0.71363,15,0
1,0,0,64.88,0,0,1,0,8,12.96,1,0.71363,18,0
1,0,0,51.85,0,0,1,0,8,12.96,1,0.71363,13,0
0,0,0,46.14,0,0,0,0,8,12.96,1,0.71363,12,0
1,0,0,36.08,0,0,1,0,8,12.96,1,0.71363,13,0
0,0,0,62.47,0,0,1,0,8,12.96,1,0.71363,16,0
0,0,0,44.64,0,0,1,0,5.5,11.56,3,1.07737,12,0
1,0,0,40.53,1,0,1,0,5.5,11.56,3,1.07737,12,0
1,0,0,37.75,0,0,0,0,5.5,11.56,3,1.07737,12,1
1,0,0,41.8,0,0,0,0,5.5,11.56,3,1.07737,12,0
0,0,0,48.56,0,0,1,1,8.1,12.96,0.8,0.71363,12,0
0,0,0,67.57,1,1,1,1,8.1,12.96,0.8,0.71363,16,1
0,0,0,44.48,0,0,1,1,8.1,12.96,0.8,0.71363,14,1
0,0,0,62.59,0,0,1,1,8.1,12.96,0.8,0.71363,12,0
0,0,0,56.87,1,0,1,1,8.1,12.96,0.8,0.71363,15,1
1,0,0,34,0,0,1,1,8.1,12.96,0.8,0.71363,14,0
1,0,0,41.29,0,1,1,0,6.1,12.96,1.2,0.71363,12,0
1,0,0,60.49,1,1,1,0,6.1,12.96,1.2,0.71363,16,0
1,0,0,65.92,0,1,1,0,6.1,12.96,3.5,0.71363,16,1
0,0,0,61.42,1,0,1,0,6.1,12.96,3.5,0.71363,16,1
1,0,0,48.09,0,0,1,0,8,12.96,0.5,0.71363,14,1
1,0,0,54.75,0,0,1,0,8,12.96,0.5,0.71363,16,0
1,0,0,53.63,0,0,1,0,8,12.96,0.5,0.71363,14,1
1,0,0,59.51,0,0,1,0,8,12.96,0.5,0.71363,13,0
1,0,0,51.25,0,0,1,1,8,12.96,0.6,0.71363,12,0
1,0,0,61.1,0,0,1,0,7,11.56,1,1.07737,15,0
0,0,0,42.51,0,0,1,0,7,11.56,1,1.07737,16,0
0,0,0,63.11,0,0,1,0,7,11.56,1,1.07737,12,0
0,0,0,62.24,0,0,1,0,5.5,11.56,1.5,1.07737,17,0
1,0,0,47.05,0,0,0,0,5.5,11.56,1.5,1.07737,14,0
1,0,0,54.48,0,0,1,0,5.5,11.56,1.5,1.07737,14,1
1,0,0,58.84,0,0,1,0,5.5,11.56,1.5,1.07737,13,1
0,0,0,41.64,0,0,0,0,5.5,11.56,1.5,1.07737,12,0
0,0,0,66.83,0,0,1,0,12.4,11.56,9,1.07737,14,0
0,0,0,39.85,0,0,1,0,12.4,11.56,9,1.07737,12,1
1,0,0,46.28,0,1,1,0,12.4,11.56,9,1.07737,16,0
1,0,0,59.39,0,0,1,0,12.4,11.56,9,1.07737,16,0
1,0,0,42.57,0,0,1,0,12.4,11.56,9,1.07737,13,0
0,0,0,57.83,0,0,1,0,12.4,11.56,9,1.07737,12,0
0,0,0,46.14,0,0,1,0,12.4,11.56,9,1.07737,12,0
1,0,0,55.7,0,0,1,0,12.4,11.56,9,1.07737,12,1
1,0,0,41.88,0,0,1,0,12.4,11.56,9,1.07737,15,0
1,0,0,37.03,0,0,0,0,13.8,12.96,5,0.71363,12,0
1,0,0,44.44,0,0,1,0,13.8,12.96,5,0.71363,12,1
0,0,0,64.6,1,0,1,0,13.8,12.96,5,0.71363,17,1
0,1,0,58.93,1,1,1,1,7,11.56,0.7,1.07737,16,1
0,0,0,61.91,0,0,1,1,7,11.56,0.7,1.07737,12,1
1,0,0,59.47,1,1,1,1,7,11.56,0.7,1.07737,17,0
1,0,0,59.6,1,1,1,1,7,11.56,0.7,1.07737,16,1
1,0,0,53.9,0,0,1,1,7,11.56,0.7,1.07737,14,0
1,0,0,38.35,0,0,1,0,10.2,12.96,0.8,0.71363,12,0
1,0,0,47.21,1,0,1,0,7.2,12.96,1,0.71363,14,0
1,0,0,49.73,0,0,1,0,7.2,12.96,1,0.71363,12,1
1,0,0,44.18,0,0,1,0,7.2,12.96,1,0.71363,12,0
0,0,0,59.55,0,0,0,0,7.2,12.96,1,0.71363,12,0
0,0,0,48.11,0,0,0,0,7.2,12.96,1,0.71363,12,0
1,0,0,49.47,0,0,1,0,10.9,11.56,2,1.07737,16,1
0,0,0,45.9,0,0,1,0,10.9,11.56,2,1.07737,12,0
0,0,0,46.78,1,0,1,0,6.1,12.96,4,0.71363,13,1
0,0,0,50.58,1,0,0,0,6.1,12.96,4,0.71363,12,0
1,0,0,52.58,0,0,1,0,6.1,12.96,4,0.71363,13,1
1,0,0,43.4,1,1,1,0,6.1,12.96,4,0.71363,14,0
0,0,0,62.57,0,0,1,0,6.1,12.96,4,0.71363,15,1
1,0,0,57.6,1,0,0,0,6.1,12.96,4,0.71363,12,0
1,0,0,47.83,1,0,1,0,6.1,12.96,4,0.71363,12,0
0,0,0,45.56,0,0,1,0,6.1,12.96,4,0.71363,12,0
1,0,0,45.22,1,0,1,0,7.6,11.56,8,1.07737,12,0
1,0,0,43.14,0,0,0,0,7.6,11.56,8,1.07737,12,0
0,0,0,61.48,0,0,1,0,7.6,11.56,8,1.07737,16,0
0,0,0,52.06,0,0,1,0,7.6,11.56,8,1.07737,12,0
0,0,0,57.61,0,0,0,0,7.6,11.56,8,1.07737,17,0
1,0,0,58.93,1,1,1,0,7.6,12.96,1.4,0.71363,16,0
1,0,0,57.53,0,0,1,0,7.6,12.96,1.4,0.71363,12,0
0,0,0,59.96,0,0,1,0,7.6,12.96,1.4,0.71363,16,0
1,0,0,53.55,0,0,0,0,7.6,12.96,1.4,0.71363,14,0
1,0,0,50.87,0,0,1,0,7.6,12.96,1.4,0.71363,13,0
1,0,0,58.65,0,0,1,0,7.6,12.96,1.4,0.71363,13,1
0,0,0,45.77,0,0,1,0,10.7,11.56,5.5,1.07737,12,0
0,0,0,51.76,0,0,1,1,6.3,8.89,0.2,0.25751,16,0
0,0,0,45.52,0,0,0,1,6.3,8.89,0.2,0.25751,16,0
1,0,0,46.87,0,0,1,1,6.3,8.89,0.2,0.25751,16,0
1,0,0,58.24,0,0,1,1,6.3,8.89,0.2,0.25751,15,0
0,0,0,53.25,1,1,1,1,6.3,8.89,0.2,0.25751,18,0
1,0,0,56,0,0,1,1,6.3,8.89,0.2,0.25751,18,0
0,0,0,57.38,0,0,1,1,6.3,8.89,0.2,0.25751,16,0
0,0,0,55.19,0,0,1,1,6.3,8.89,0.2,0.25751,14,0
0,0,0,58.02,0,0,1,1,6.6,8.89,0.6,0.25751,17,0
0,0,0,37.83,1,0,1,1,6.6,8.89,0.6,0.25751,14,1
1,0,0,47.94,1,0,1,1,6.6,8.89,0.6,0.25751,12,0
1,1,0,42.79,0,0,0,1,7.2,8.89,0.2,0.25751,12,0
1,0,0,39.79,0,0,0,1,7.2,8.89,0.2,0.25751,15,0
0,0,1,43.64,0,0,1,1,7.2,8.89,0.2,0.25751,13,0
0,0,0,49.55,0,0,1,1,7.2,8.89,0.2,0.25751,12,0
1,0,0,60.57,0,0,1,1,7.2,8.89,0.2,0.25751,12,0
0,0,0,59.89,1,1,1,1,6.6,8.89,0.5,0.25751,13,0
0,0,0,64.22,0,0,1,1,6.6,8.89,0.5,0.25751,14,1
0,0,0,58.82,1,1,1,1,6.6,8.89,0.5,0.25751,16,1
0,0,0,70.7,0,0,1,1,6.6,8.89,0.5,0.25751,17,0
1,1,0,43.9,0,0,1,1,6.6,8.89,0.5,0.25751,13,0
1,0,0,54.21,1,0,0,1,6.8,8.89,0.2,0.25751,16,0
0,0,1,45.31,0,0,1,1,6.8,8.89,0.2,0.25751,12,1
1,0,1,49.06,0,0,1,1,6.8,8.89,0.2,0.25751,15,0
1,1,0,36.61,0,0,1,1,6.8,8.89,0.2,0.25751,12,1
0,0,0,57.52,0,0,0,1,6.8,8.89,0.2,0.25751,14,0
1,0,0,57.25,0,0,1,1,6.8,8.89,0.2,0.25751,13,0
1,0,0,53.68,0,0,1,1,6.8,8.89,0.2,0.25751,13,0
0,0,0,51.05,1,1,1,1,6.8,8.89,0.2,0.25751,16,1
1,0,0,63.19,1,0,0,1,6.8,8.89,0.2,0.25751,12,0
1,0,0,48.48,0,0,1,1,6.8,8.89,0.2,0.25751,16,0
0,0,1,36.95,0,0,0,1,6.8,8.89,0.2,0.25751,12,0
1,0,1,39.99,1,1,1,1,6.6,8.89,0.1,0.25751,14,1
1,0,0,52.89,1,0,1,1,6.6,8.89,0.1,0.25751,15,0
0,0,0,47.86,0,0,1,1,6.6,8.89,0.1,0.25751,12,0
0,0,0,49.22,1,0,1,1,6.6,8.89,0.1,0.25751,15,1
1,0,0,49.07,1,0,1,1,6.6,8.89,0.1,0.25751,14,1
1,0,0,55.5,0,0,1,1,6.6,8.89,0.1,0.25751,12,0
0,0,0,49.74,0,0,1,1,6.6,8.89,0.1,0.25751,15,0
0,0,1,43.66,0,0,1,1,6.6,8.89,0.1,0.25751,12,0
1,0,0,52.55,1,1,1,1,6.8,8.89,0.8,0.25751,16,1
0,0,0,55.31,0,0,1,1,6.8,8.89,0.8,0.25751,13,1
1,0,0,49.91,0,0,1,1,6.8,8.89,0.8,0.25751,14,0
0,0,0,59.33,1,0,1,1,6.8,8.89,0.8,0.25751,17,1
1,0,0,58.17,0,0,0,1,6.8,8.89,0.8,0.25751,14,0
1,0,0,47.45,0,0,1,1,6.8,8.89,0.8,0.25751,12,0
0,0,0,58.6,1,0,1,1,6.8,8.89,0.8,0.25751,14,0
0,0,1,58,1,0,1,1,6.6,8.89,1,0.25751,17,1
0,1,0,57.19,0,1,0,1,6.6,8.89,1,0.25751,13,1
1,0,1,52.84,0,0,0,1,6.6,8.89,1,0.25751,15,0
1,1,0,43.35,0,0,0,1,6.6,8.89,1,0.25751,12,0
0,0,1,49.27,0,0,1,1,6.6,8.89,0.3,0.25751,13,0
1,0,0,50.15,0,0,1,1,6.6,8.89,0.3,0.25751,15,0
1,0,1,45.71,0,0,0,1,6.6,8.89,0.3,0.25751,12,0
1,1,0,35.27,0,0,1,1,8.2,8.89,0.3,0.25751,12,1
1,0,0,53.17,1,1,1,1,8.2,8.89,0.3,0.25751,17,1
1,0,0,63.07,1,0,1,1,8.2,8.89,0.3,0.25751,16,1
1,0,1,45.5,0,0,1,1,8.2,8.89,0.3,0.25751,12,0
0,0,0,61.53,0,0,1,1,8.2,8.89,0.3,0.25751,17,0
1,0,0,45.32,0,0,1,1,8.2,8.89,0.3,0.25751,12,0
0,0,0,66.35,1,0,1,1,8.2,8.89,0.3,0.25751,16,0
1,0,0,60.94,1,0,1,1,8.2,8.89,0.3,0.25751,16,1
1,0,1,47.84,0,0,1,1,8.2,8.89,0.3,0.25751,12,0
1,0,0,58.66,1,0,1,1,8.2,8.89,0.3,0.25751,16,1
1,0,0,59.1,1,1,1,1,8.2,8.89,0.3,0.25751,16,0
0,0,0,60.41,1,1,1,1,8.2,8.89,0.3,0.25751,17,1
1,0,0,46.21,0,0,1,1,4.3,8.89,1,0.25751,13,0
1,0,0,51.61,0,0,1,1,4.3,8.89,1,0.25751,12,0
0,0,0,51.85,1,0,1,1,4.3,8.89,1,0.25751,15,1
0,0,1,51.39,0,0,1,1,4.3,8.89,1,0.25751,15,1
0,0,0,56.84,0,0,0,0,6.8,8.89,0.4,0.25751,12,0
1,0,1,46.94,0,0,1,0,6.8,8.89,0.4,0.25751,12,0
0,0,0,41.45,0,0,0,0,6.8,8.89,0.4,0.25751,12,0
1,0,1,51.24,0,0,1,0,6.8,8.89,0.4,0.25751,13,0
1,0,1,50.47,0,0,1,0,6.8,8.89,0.4,0.25751,12,0
1,0,0,48.82,1,0,1,0,6.8,8.89,0.4,0.25751,17,0
1,0,0,53.26,0,1,1,0,4.3,8.89,0,0.25751,16,1
0,0,0,55.54,0,0,1,0,4.3,8.89,0,0.25751,13,0
0,1,0,62.85,1,0,0,0,4.3,8.89,0,0.25751,14,1
1,0,0,57.46,1,1,1,0,4.3,8.89,0,0.25751,15,1
0,0,0,48.7,0,0,1,0,4.3,8.89,0,0.25751,14,1
1,0,0,61.26,1,0,1,0,4.3,8.89,0,0.25751,16,1
1,0,0,51.45,1,0,1,0,4.3,8.89,0,0.25751,14,0
0,0,1,37.71,0,0,1,0,4.3,8.89,0,0.25751,13,0
0,0,0,46.99,1,0,1,0,4.3,8.89,0,0.25751,15,1
0,1,0,51.34,0,1,1,0,4.3,8.89,0,0.25751,14,0
0,0,0,53.6,1,0,1,0,5.1,8.89,1.5,0.25751,14,1
0,0,0,48.97,1,0,1,0,5.1,8.89,1.5,0.25751,16,1
0,0,0,45.47,0,0,0,0,5.1,8.89,1.5,0.25751,13,0
0,0,1,63.05,0,0,1,0,7.7,8.89,1,0.25751,14,1
1,0,0,61.15,0,0,1,0,7.7,8.89,1,0.25751,16,0
1,0,0,40.3,1,1,1,0,7.7,8.89,1,0.25751,15,0
1,0,0,67.58,0,0,1,0,7.7,8.89,1,0.25751,16,0
0,0,0,58.55,0,0,1,0,4.3,8.89,1.2,0.25751,15,1
1,0,0,44.85,0,0,1,0,4.3,8.89,1.2,0.25751,16,1
1,0,0,47.46,1,1,1,0,4.3,8.89,1.2,0.25751,15,0
1,0,0,55.95,1,0,1,0,4.3,8.89,1.2,0.25751,13,1
1,0,0,45.68,0,0,1,0,4.3,8.89,0.1,0.25751,12,0
0,0,0,43.64,0,0,0,0,4.3,8.89,0.1,0.25751,12,0
0,0,0,40.55,0,0,1,0,4.3,8.89,0.1,0.25751,12,0
1,0,0,50.73,1,0,1,0,4.3,8.89,0.1,0.25751,13,0
1,0,1,33.93,0,0,1,0,4.3,8.89,0.1,0.25751,12,0
1,0,0,52.65,1,0,1,0,4.3,8.89,0.1,0.25751,13,1
0,0,0,61.31,1,0,1,0,4.3,8.89,0.1,0.25751,12,1
1,0,0,44.27,0,0,0,0,8.2,8.89,3.5,0.25751,12,0
0,0,0,53.73,0,0,0,0,8.2,8.89,3.5,0.25751,16,1
1,0,1,48.25,0,0,1,0,8.2,8.89,3.5,0.25751,13,0
1,0,0,70.56,1,1,1,0,8.2,8.89,3.5,0.25751,17,1
0,0,0,58.82,0,0,0,0,8.2,8.89,3.5,0.25751,12,0
1,0,0,47.32,1,0,1,0,8.2,8.89,3.5,0.25751,12,0
0,0,1,61.26,0,0,1,0,8.2,8.89,3.5,0.25751,16,1
1,0,1,56.5,0,0,1,0,8.2,8.89,3.5,0.25751,14,0
1,0,1,46.45,0,0,0,0,8.2,8.89,3.5,0.25751,13,1
0,0,0,70.56,0,0,1,0,8.2,8.89,3.5,0.25751,17,1
0,0,0,50.15,0,0,1,0,5.1,8.89,1,0.25751,13,1
1,0,0,63.35,0,1,1,0,5.1,8.89,1,0.25751,15,0
1,0,0,53.8,0,1,0,0,5.1,8.89,1,0.25751,14,0
1,0,0,49.19,0,0,1,0,5.1,8.89,1,0.25751,12,0
1,0,1,44.68,1,0,1,0,6.6,8.89,0.6,0.25751,15,0
0,0,1,39.39,0,0,1,0,6.6,8.89,1,0.25751,12,0
0,0,0,48.74,1,0,1,0,6.6,8.89,1,0.25751,15,1
0,0,0,45.85,0,0,1,0,6.6,8.89,1,0.25751,13,1
0,0,0,45.21,1,0,1,0,6.6,8.89,1,0.25751,13,1
1,0,0,58.67,0,0,0,0,6.6,8.89,1,0.25751,16,0
1,0,0,41.9,1,0,1,0,6.8,8.89,1.5,0.25751,12,1
0,0,0,64.17,0,0,0,0,6.8,8.89,1.5,0.25751,12,0
1,0,1,42.18,0,0,1,0,6.8,8.89,1.5,0.25751,12,0
1,0,0,56.99,0,0,1,0,6.8,8.89,1.5,0.25751,12,0
0,0,0,40.32,0,0,1,0,6.8,8.89,1.5,0.25751,12,0
1,0,0,48.71,0,0,1,0,7.7,8.89,1.8,0.25751,13,0
1,0,0,47.41,0,0,1,0,7.7,8.89,1.8,0.25751,12,0
0,0,1,49.63,0,0,1,0,7.7,8.89,1.8,0.25751,13,1
1,0,0,61.57,0,0,1,0,7.7,8.89,1.8,0.25751,13,1
1,0,0,46.7,0,0,1,0,7.7,8.89,1,0.25751,12,0
0,0,1,51.72,0,0,1,0,7.7,8.89,1,0.25751,12,0
1,0,0,57.03,0,0,1,0,7.7,8.89,1,0.25751,16,0
0,0,0,41.09,0,0,1,0,7.7,8.89,1,0.25751,12,1
1,1,0,50.28,0,0,1,0,7.7,8.89,1,0.25751,13,0
1,0,0,63.79,0,0,0,0,7.7,8.89,1,0.25751,14,0
0,0,1,43.27,0,0,1,0,6.6,8.89,0.8,0.25751,12,0
1,0,0,62.23,0,0,1,0,6.6,8.89,0.8,0.25751,13,0
1,0,1,50.46,0,0,1,0,6.6,8.89,0.8,0.25751,12,0
0,0,1,46.64,0,0,1,0,6.6,8.89,0.8,0.25751,17,0
0,0,0,33.52,0,1,1,0,6.6,8.89,0.8,0.25751,12,0
0,0,1,42.24,0,0,1,0,6.6,8.89,0.8,0.25751,14,1
0,0,0,49.02,0,1,1,0,6.6,8.89,0.8,0.25751,12,1
1,0,0,53.74,0,0,1,0,6.8,8.89,2,0.25751,17,0
1,0,0,44.36,0,0,1,0,6.8,8.89,2,0.25751,12,0
1,0,1,42.7,0,0,1,0,6.8,8.89,2,0.25751,12,1
1,0,0,37.95,0,0,0,0,6.8,8.89,2,0.25751,12,0
1,0,1,39.57,0,0,0,0,6.8,8.89,2,0.25751,12,0
0,0,0,59.69,0,0,0,0,6.8,8.89,2,0.25751,15,0
1,0,1,40.31,0,0,1,0,6.8,8.89,2,0.25751,15,0
1,0,1,47.85,0,0,1,0,6.8,8.89,2,0.25751,12,0
0,0,1,45.48,0,0,1,0,6.8,8.89,2,0.25751,13,0
1,0,0,55.77,0,0,1,0,3.9,8.89,2,0.25751,12,1
1,0,0,56.61,1,1,1,0,3.9,8.89,2,0.25751,15,1
1,0,0,48.55,0,0,1,0,3.9,8.89,2,0.25751,12,1
1,0,0,48.91,0,0,1,0,3.9,8.89,2,0.25751,15,0
1,0,0,56.14,0,0,1,0,6.8,8.89,0.5,0.25751,16,1
0,0,0,59.79,1,1,1,0,6.8,8.89,0.5,0.25751,13,1
1,0,0,56.74,1,1,1,0,6.8,8.89,0.5,0.25751,16,0
1,1,0,43.74,1,0,1,0,6.8,8.89,0.5,0.25751,13,0
0,0,0,57.52,0,0,1,0,6.8,8.89,0.5,0.25751,16,1
0,0,0,44.86,0,0,1,0,6.8,8.89,0.5,0.25751,16,1
0,0,0,60.51,1,0,1,0,6.8,8.89,0.5,0.25751,15,0
0,0,1,63.63,1,0,0,0,6.8,8.89,0.5,0.25751,15,1
1,0,0,62.83,1,1,1,0,6.8,8.89,0.5,0.25751,16,1
0,0,1,54.94,1,0,0,0,6.1,8.89,3.5,0.25751,14,0
1,0,1,45.58,0,0,0,0,6.1,8.89,3.5,0.25751,12,0
0,0,1,45.52,0,0,1,0,6.1,8.89,3.5,0.25751,12,1
0,0,0,48.32,0,0,1,0,6.1,8.89,3.5,0.25751,13,0
0,0,1,53.94,0,0,1,0,6.1,8.89,3.5,0.25751,13,1
0,0,0,41.37,0,0,0,0,6.1,8.89,3.5,0.25751,15,0
1,0,0,47.14,0,0,1,0,6.1,8.89,3.5,0.25751,12,0
1,0,1,49.91,0,0,1,0,3.9,8.89,3,0.25751,12,1
1,0,0,61.96,1,0,1,0,3.9,8.89,3,0.25751,17,1
0,0,0,63.24,1,1,1,0,3.9,8.89,3,0.25751,16,1
0,0,1,51.72,0,0,1,0,3.9,8.89,3,0.25751,13,1
0,0,0,59.12,1,0,1,0,3.9,8.89,3,0.25751,15,1
1,0,0,60.24,1,1,1,0,3.9,8.89,3,0.25751,17,1
0,0,1,43.26,0,0,1,0,6.4,8.89,1.5,0.25751,13,0
1,0,1,46.63,0,0,1,0,6.4,8.89,1.5,0.25751,12,1
1,0,1,61.79,0,0,1,0,6.4,8.89,1.5,0.25751,12,0
1,0,0,46.14,1,0,1,0,6.4,8.89,1.5,0.25751,16,1
0,0,1,43.53,0,0,1,0,6.4,8.89,1.5,0.25751,13,0
0,0,1,43.99,1,1,1,0,5.3,8.89,2.5,0.25751,13,1
1,0,1,46.38,0,0,1,0,5.3,8.89,2.5,0.25751,16,1
0,0,1,53.27,0,0,1,0,5.3,8.89,2.5,0.25751,16,1
1,0,0,62.76,0,0,0,0,5.3,8.89,2.5,0.25751,16,1
0,0,0,49.97,0,0,1,0,5.3,8.89,2.5,0.25751,15,1
1,0,0,46.03,0,0,1,0,5.3,8.89,2.5,0.25751,13,1
0,0,0,61.6,0,0,1,0,5.3,8.89,2.5,0.25751,12,0
0,0,0,57.95,1,1,0,0,5.3,8.89,2.5,0.25751,13,0
1,0,1,41.77,0,0,1,0,10.1,8.89,1.3,0.25751,17,1
0,0,0,42.84,0,0,1,0,10.1,8.89,1.3,0.25751,13,1
0,0,0,59.26,0,0,1,0,10.1,8.89,1.3,0.25751,15,1
0,0,0,47.29,0,0,1,0,10.1,8.89,1.3,0.25751,14,1
1,0,0,57.52,0,0,1,0,10.1,8.89,1.3,0.25751,14,1
0,0,0,42.48,0,0,1,0,10.1,8.89,1.3,0.25751,12,1
0,0,0,49.15,0,0,0,0,10.1,8.89,1.3,0.25751,18,0
1,0,0,61.22,0,1,1,0,10.1,8.89,1.3,0.25751,12,0
0,0,0,54.73,0,0,1,0,10.1,8.89,1.3,0.25751,15,0
0,0,0,54.68,1,0,0,0,10.1,8.89,1.3,0.25751,12,1
1,1,0,59.34,0,0,0,0,5.1,8.89,0.5,0.25751,15,1
1,0,1,45.04,0,0,1,0,13.1,8.89,1.9,0.25751,12,0
1,0,0,58.47,0,0,1,0,13.1,8.89,1.9,0.25751,15,1
0,0,1,45.11,0,0,1,0,13.1,8.89,1.9,0.25751,12,0
1,0,0,51.04,0,0,1,0,13.1,8.89,1.9,0.25751,13,0
1,0,0,61.04,0,0,1,0,9.2,8.89,3,0.25751,12,1
0,0,0,66.38,1,0,1,0,9.2,8.89,3,0.25751,17,1
0,0,0,60.1,1,1,1,0,9.2,8.89,3,0.25751,13,1
1,0,0,57.54,1,1,1,0,9.2,8.89,3,0.25751,16,1
0,0,0,55.41,1,0,1,0,9.2,8.89,3,0.25751,15,1
0,0,0,50.5,0,0,1,0,9.2,8.89,3,0.25751,14,1
0,0,0,44.49,1,0,1,0,9.2,8.89,3,0.25751,14,1
1,0,0,47.67,0,0,1,0,9.2,8.89,3,0.25751,12,0
1,0,0,49.31,0,0,1,0,9.2,8.89,3,0.25751,14,1
1,0,0,50.13,0,0,1,0,6.6,8.89,1.5,0.25751,12,0
1,0,0,37.35,0,0,1,0,6.6,8.89,1.5,0.25751,15,1
1,0,1,35.66,0,0,0,0,6.6,8.89,1.5,0.25751,12,0
0,0,0,58.82,0,0,0,0,6.6,8.89,1,0.25751,13,0
0,0,1,48.94,0,0,1,0,6.6,8.89,1,0.25751,13,1
0,0,0,57.1,0,0,1,0,6.6,8.89,1,0.25751,13,1
1,0,0,55.72,1,0,0,0,6.6,8.89,1,0.25751,12,1
1,0,0,58.62,1,0,1,0,6.6,8.89,1,0.25751,16,1
1,0,0,43.75,0,0,0,0,6.8,8.89,4,0.25751,14,0
1,0,0,59.01,0,0,1,0,6.8,8.89,4,0.25751,13,0
0,0,0,48.09,0,0,1,0,6.8,8.89,4,0.25751,14,0
1,0,0,51.56,0,0,0,0,6.8,8.89,4,0.25751,12,0
1,0,0,38.77,0,0,1,0,6.8,8.89,4,0.25751,12,0
0,0,0,48.38,0,0,1,0,6.8,8.89,4,0.25751,12,0
1,0,0,53.24,0,0,1,0,6.8,8.89,4,0.25751,16,1
1,0,0,42.1,0,0,1,1,10.9,8.89,0.1,0.25751,13,0
0,0,0,52.53,0,0,1,1,10.9,8.89,0.1,0.25751,13,1
1,1,0,36.18,0,0,0,1,10.9,8.89,0.1,0.25751,12,0
1,0,0,35.5,0,0,0,1,6.4,8.89,0.5,0.25751,15,0
0,0,1,48.57,0,0,1,1,6.4,8.89,0.5,0.25751,12,0
0,0,0,54.93,0,0,1,1,6.4,8.89,0.5,0.25751,15,0
1,0,1,59.81,0,0,1,1,6.4,8.89,0.5,0.25751,16,0
0,0,0,50.6,1,1,0,0,6.4,8.89,0.1,0.25751,16,1
1,0,0,42.07,0,0,1,0,6.6,8.89,0.6,0.25751,13,0
1,0,0,58.15,1,0,1,0,6.6,8.89,0.6,0.25751,18,1
1,0,0,56.52,1,0,1,0,6.6,8.89,0.6,0.25751,15,1
1,0,0,61.77,1,0,1,0,6.6,8.89,0.6,0.25751,12,1
1,0,0,47.41,0,0,1,0,6.6,8.89,0.6,0.25751,15,0
1,0,0,57.44,0,0,1,0,6.6,8.89,0.6,0.25751,16,1
0,0,0,59.88,1,0,1,0,6.6,8.89,0.6,0.25751,17,1
1,0,0,51.25,1,0,0,0,6.6,8.89,0.6,0.25751,16,0
1,0,0,58.92,1,0,1,0,6.6,8.89,0.6,0.25751,15,1
1,0,0,61.43,1,1,1,0,4.3,8.89,1.2,0.25751,16,1
0,0,0,63.57,0,0,1,0,4.3,8.89,1.2,0.25751,12,0
1,0,0,41.86,0,0,1,0,4.3,8.89,1.2,0.25751,12,0
0,0,1,53.78,0,0,1,0,4.3,8.89,1.2,0.25751,16,0
0,0,0,35.66,1,1,1,0,4.3,8.89,1.2,0.25751,12,1
0,0,0,49.93,0,0,1,0,4.3,8.89,1,0.25751,15,1
1,0,0,55.18,0,0,1,0,4.3,8.89,1,0.25751,14,0
1,0,1,43.1,0,0,1,0,4.3,8.89,1,0.25751,14,0
0,0,0,61.66,0,0,1,0,4.3,8.89,1,0.25751,16,1
1,0,0,60.94,0,0,1,0,4.3,8.89,1,0.25751,16,1
1,0,1,43.3,0,0,1,0,8,8.89,3.5,0.25751,15,1
0,0,1,47.37,0,1,0,0,8,8.89,3.5,0.25751,12,0
0,0,1,50.78,0,0,1,0,8,8.89,3.5,0.25751,15,1
0,0,0,62.64,0,0,1,0,8,8.89,3.5,0.25751,15,0
1,0,0,56.71,1,0,1,0,8,8.89,3.5,0.25751,16,1
1,0,0,50.03,1,0,1,0,7.1,8.89,2.8,0.25751,14,1
0,0,0,59.39,0,0,1,0,7.1,8.89,2.8,0.25751,15,0
1,0,1,44.08,0,0,0,0,7.1,8.89,2.8,0.25751,12,0
1,0,0,46.35,0,0,1,0,7.1,8.89,2.8,0.25751,12,0
1,0,0,43.92,0,0,1,0,7.1,8.89,2.8,0.25751,15,0
1,0,0,56.62,0,0,1,0,7.1,8.89,2.8,0.25751,16,0
0,1,0,34.18,0,1,1,0,6.6,8.89,0.6,0.25751,13,1
1,1,0,43.65,0,0,1,0,6.6,8.89,0.6,0.25751,12,0
1,1,0,50.23,0,1,1,0,6.6,8.89,0.6,0.25751,17,1
1,1,0,41.85,1,0,0,0,6.6,8.89,0.6,0.25751,15,0
1,1,0,40.57,0,0,1,0,6.6,8.89,0.6,0.25751,14,0
1,1,0,34.5,0,0,1,0,6.6,8.89,0.6,0.25751,12,0
1,0,0,55.99,0,0,1,0,7.7,8.89,0.8,0.25751,15,0
1,0,0,48.77,0,0,0,0,7.7,8.89,0.8,0.25751,13,0
1,0,1,49.11,1,0,1,0,7.7,8.89,0.8,0.25751,13,0
0,0,0,59.8,0,0,1,0,7.7,8.89,0.8,0.25751,16,1
1,0,0,46.78,0,0,1,1,7.2,8.89,0.3,0.25751,12,0
0,0,0,62.39,0,0,1,1,7.2,8.89,0.3,0.25751,12,0
0,0,0,57.33,0,1,1,1,7.2,8.89,0.3,0.25751,12,0
0,0,0,57.95,0,0,1,0,12.9,8.89,6.2,0.25751,12,0
0,0,0,48.77,1,0,1,0,12.9,8.89,6.2,0.25751,13,0
0,1,0,32.46,0,0,0,0,6.6,8.89,0.7,0.25751,12,0
1,1,0,43.77,0,0,0,0,6.6,8.89,0.7,0.25751,13,0
1,1,0,37.81,0,0,0,0,6.6,8.89,0.7,0.25751,12,0
0,0,0,45.22,1,0,1,1,4.3,8.89,0.6,0.25751,14,0
0,0,0,52.02,0,0,1,1,4.3,8.89,0.6,0.25751,14,0
1,0,0,41.28,0,0,1,1,4.3,8.89,0.6,0.25751,14,1
0,0,0,35.19,0,0,1,1,4.3,8.89,0.6,0.25751,14,1
0,0,0,44.91,0,0,0,1,4.3,8.89,0.6,0.25751,12,1
1,0,0,53.14,1,1,1,1,4.3,8.89,0.6,0.25751,13,1
1,0,1,55.01,0,0,1,1,4.3,8.89,0.6,0.25751,14,0
0,0,0,57.45,1,0,1,1,4.3,8.89,0.6,0.25751,16,1
1,1,0,43.86,0,0,1,1,6.6,8.89,0.5,0.25751,15,1
1,1,0,34.08,0,0,1,1,6.6,8.89,0.5,0.25751,12,0
1,1,0,46.68,0,0,1,1,6.6,8.89,0.5,0.25751,15,0
0,1,0,44.69,0,0,1,1,6.6,8.89,0.5,0.25751,12,0
1,1,0,36.27,0,0,1,1,6.6,8.89,0.5,0.25751,12,0
1,0,1,47.28,1,1,1,0,9,8.89,0.3,0.25751,14,0
1,0,0,61.75,0,0,1,0,9,8.89,0.3,0.25751,15,0
1,0,0,55.9,0,0,0,0,9,8.89,0.3,0.25751,12,0
1,0,0,50.52,0,0,0,0,9,8.89,0.3,0.25751,13,0
1,0,0,52.75,0,1,1,0,9,8.89,0.3,0.25751,12,1
0,0,0,57.87,0,1,1,1,7.7,8.89,0.4,0.25751,17,1
1,0,1,37.12,0,0,1,1,7.7,8.89,0.4,0.25751,12,0
1,0,0,55.16,0,0,1,1,7.7,8.89,0.4,0.25751,12,0
0,0,0,53.02,1,0,1,1,6.6,8.89,0.3,0.25751,16,0
1,0,0,45.39,1,0,1,1,6.6,8.89,0.3,0.25751,14,0
0,0,1,45.37,1,0,1,1,6.6,8.89,0.3,0.25751,12,1
1,0,0,53.69,0,0,1,1,6.6,8.89,0.3,0.25751,15,0
1,0,0,63.26,0,0,1,1,6.6,8.89,0.3,0.25751,16,0
1,1,0,39.91,0,0,1,1,6.6,8.89,0.3,0.25751,12,0
1,1,0,49.51,0,1,1,1,6.6,8.89,0.3,0.25751,15,0
0,0,1,38.02,0,0,1,1,6.6,8.89,0.6,0.25751,12,0
0,0,1,50.09,0,0,1,1,6.6,8.89,0.6,0.25751,13,0
1,1,0,40.93,0,0,0,1,6.6,8.89,0.6,0.25751,13,0
1,0,1,56.52,0,0,1,1,6.6,8.89,0.6,0.25751,12,1
0,0,1,51.49,0,0,1,1,6.6,8.89,0.6,0.25751,14,0
0,0,0,35.77,0,0,0,1,6.6,8.89,0.6,0.25751,12,0
1,0,1,37.43,0,0,1,1,6.6,8.89,0.6,0.25751,13,0
0,0,1,42.96,0,0,1,1,6.6,8.89,0.6,0.25751,12,0
0,0,1,44.88,0,0,0,1,6.6,8.89,0.6,0.25751,12,0
0,0,0,63.07,0,1,1,0,3.9,8.89,1.2,0.25751,12,1
0,0,0,61.29,0,0,1,0,3.9,8.89,1.2,0.25751,14,1
0,0,1,38.99,0,0,0,0,3.9,8.89,1.2,0.25751,13,0
1,0,0,57.58,0,0,1,0,3.9,8.89,1.2,0.25751,12,1
1,0,0,41.57,1,0,1,0,3.9,8.89,1.2,0.25751,12,0
1,0,0,37.31,0,0,0,0,3.9,8.89,1.2,0.25751,12,0
0,0,0,57.7,1,0,1,0,3.9,8.89,1.2,0.25751,12,1
1,1,0,51.71,0,0,1,1,6.8,8.89,0.4,0.25751,13,0
1,0,0,64.17,1,1,1,1,6.8,8.89,0.4,0.25751,16,1
0,0,0,56.09,1,1,1,1,6.8,8.89,0.4,0.25751,14,1
1,0,0,56.17,0,0,1,1,6.8,8.89,0.4,0.25751,12,1
0,0,0,50.83,0,0,1,1,6.8,8.89,0.4,0.25751,16,0
1,1,0,34.69,0,0,0,0,8.2,8.89,5,0.25751,12,0
1,0,0,45.52,0,0,1,0,8.2,8.89,5,0.25751,16,1
1,0,0,64.75,0,0,1,0,8.2,8.89,5,0.25751,12,0
1,0,0,58.51,1,0,1,0,8.2,8.89,5,0.25751,12,0
1,0,1,41.15,0,0,0,0,6.1,8.41,0.8,0.69284,12,0
1,0,1,48.93,0,0,1,0,6.1,8.41,0.8,0.69284,14,0
1,0,1,43.03,0,0,1,0,6.1,8.41,0.8,0.69284,12,0
1,0,0,60.45,1,0,1,0,11.9,8.41,20,0.69284,16,1
1,0,1,39.3,0,0,0,0,11.9,8.41,20,0.69284,15,0
1,0,1,47.9,0,0,1,0,11.9,8.41,20,0.69284,14,0
1,1,0,43.64,0,0,0,0,11.9,8.41,20,0.69284,13,0
0,0,1,52.02,0,0,1,0,8.9,8.32,0.2,0.49538,12,0
1,0,1,45.51,0,0,1,0,8.9,8.32,0.2,0.49538,13,0
1,0,1,46.61,0,1,1,0,8.9,8.32,0.2,0.49538,12,0
1,0,1,47.6,1,0,1,0,8.9,8.32,0.2,0.49538,16,0
1,0,1,52.82,0,0,1,0,8.9,8.32,0.2,0.49538,13,0
0,0,1,58.48,0,1,1,0,8.9,8.32,0.2,0.49538,14,0
1,0,1,42.44,0,1,0,1,5.6,9.55,0.3,0.806,13,0
0,0,1,45.85,0,0,1,1,5.6,9.55,0.3,0.806,12,0
1,0,1,35.96,0,0,1,1,5.6,9.55,0.3,0.806,12,0
1,0,0,40.31,0,0,1,1,5.6,9.55,0.3,0.806,12,1
1,0,1,39.59,0,0,0,1,5.6,9.55,0.3,0.806,12,0
0,0,1,38.9,0,0,0,1,5.6,9.55,0.3,0.806,12,0
1,0,1,45.25,0,0,1,1,5.6,9.55,0.3,0.806,12,0
1,0,1,40.43,0,0,0,0,12.3,8.41,6.5,0.69284,12,0
1,0,1,39.96,0,0,1,0,12.3,8.41,6.5,0.69284,15,0
0,0,1,51.54,0,0,1,0,12.3,8.41,6.5,0.69284,14,0
1,0,1,42.07,0,0,1,0,12.3,8.41,6.5,0.69284,16,1
1,0,1,36.92,0,0,1,0,12.3,8.41,6.5,0.69284,15,0
1,0,1,49.96,0,0,1,0,12.3,8.41,6.5,0.69284,16,0
1,0,1,40.61,0,0,1,0,8.1,8.32,3,0.49538,12,1
1,0,1,37.82,0,0,1,0,8.1,8.32,3,0.49538,12,0
0,0,1,52.59,0,0,1,0,8.1,8.32,3,0.49538,17,0
1,0,1,60.07,0,0,1,0,8.1,8.32,3,0.49538,12,0
0,0,1,62.14,0,0,1,0,8.1,8.32,3,0.49538,16,0
0,0,0,54.56,0,0,1,0,8.1,8.32,3,0.49538,12,1
0,0,1,38.28,0,0,1,0,8.1,8.32,3,0.49538,12,0
1,0,1,46.06,0,0,1,0,8.1,8.32,3,0.49538,12,0
0,0,1,52.35,0,0,0,0,8.1,8.32,3,0.49538,13,0
1,0,1,39.25,0,0,1,0,8.1,8.32,3,0.49538,14,0
1,0,1,37.44,0,0,1,0,8.1,8.32,3,0.49538,13,0
1,0,1,43.87,1,0,1,0,8.1,8.32,3,0.49538,12,0
1,0,1,50.41,0,0,1,0,5.9,8.41,2.5,0.69284,14,0
1,0,1,51.96,0,1,1,0,6.3,8.32,0.1,0.49538,14,0
0,0,1,56.22,0,0,1,0,6.3,8.32,0.1,0.49538,12,0
1,0,1,51.71,0,0,1,0,6.3,8.32,0.1,0.49538,16,1
0,0,1,36.49,0,0,0,0,7.1,9.55,10,0.806,12,0
1,0,0,48.2,0,0,1,0,7.1,9.55,10,0.806,15,0
1,0,1,42.38,0,0,1,0,7.1,9.55,10,0.806,12,0
1,0,1,58.02,0,0,0,0,11.6,8.32,6,0.49538,16,0
1,0,0,45.42,0,0,1,0,11.6,8.32,6,0.49538,12,0
1,0,1,55.25,1,0,1,0,11.6,8.32,6,0.49538,16,1
1,0,1,49.89,0,0,1,0,11.6,8.32,6,0.49538,12,0
0,0,1,37.07,0,0,1,0,11.6,8.32,6,0.49538,12,0
0,0,0,61.64,0,0,0,0,11.6,8.32,6,0.49538,15,0
1,0,0,54.45,0,0,0,0,11.6,8.32,6,0.49538,12,0
1,0,1,56.71,0,0,0,0,11.6,8.32,6,0.49538,13,0
1,0,1,58.68,0,0,1,0,11.6,8.32,6,0.49538,16,0
0,0,1,59.12,1,0,1,0,11.6,8.32,6,0.49538,16,0
1,0,1,43.28,0,0,1,0,11.6,8.32,6,0.49538,14,0
1,0,1,45.19,0,0,1,0,11.2,8.32,0,0.49538,13,0
1,0,1,48.6,0,0,1,0,11.2,8.32,0,0.49538,13,0
1,0,1,47.87,1,0,1,0,11.2,8.32,0,0.49538,16,0
1,0,0,47.87,0,0,1,0,11.2,8.32,0,0.49538,12,0
0,0,1,38.31,0,0,1,0,11.2,8.32,0,0.49538,13,0
1,0,1,39,0,0,1,0,11.2,8.32,0,0.49538,12,0
1,0,1,54.55,0,0,1,0,11.2,8.32,0,0.49538,13,0
1,0,1,44.33,0,0,1,0,11.2,8.32,0,0.49538,12,0
0,0,1,51.3,0,0,1,0,11.2,8.32,0,0.49538,14,0
0,0,1,48.4,0,0,1,0,11.2,8.32,0,0.49538,13,0
0,0,0,40.91,0,0,0,0,8,8.41,7,0.69284,12,0
0,0,1,51.97,0,0,1,0,8,8.41,7,0.69284,12,0
0,0,1,44.83,0,0,1,0,8,8.41,7,0.69284,12,0
1,0,0,48.41,0,0,1,0,8,8.41,7,0.69284,12,0
1,0,1,45.27,0,0,1,0,8,8.41,7,0.69284,12,0
1,0,0,50.85,0,0,0,0,8,8.41,7,0.69284,13,1
0,0,1,47.78,1,0,1,0,8,8.41,7,0.69284,13,0
1,0,0,59.46,1,1,1,0,8,8.41,7,0.69284,12,1
1,0,1,46.7,0,0,1,0,8,8.41,7,0.69284,12,0
1,0,1,43.41,0,0,1,0,8,8.41,7,0.69284,13,0
0,0,0,59.42,1,0,1,0,8,8.41,7,0.69284,15,0
0,0,1,51.04,0,0,0,0,8,8.41,7,0.69284,13,0
0,0,0,62.21,0,0,1,1,6.1,8.41,0.6,0.69284,14,0
0,0,0,45.31,0,0,1,1,6.1,8.41,0.6,0.69284,12,0
1,1,0,33.58,0,0,1,1,6.1,8.41,0.6,0.69284,14,0
1,0,0,48.47,0,0,1,1,6.1,8.41,0.6,0.69284,12,0
0,0,0,52.41,1,0,1,1,6.1,8.41,0.6,0.69284,13,0
1,0,1,56.08,0,0,1,1,6.1,8.41,0.6,0.69284,14,0
1,0,1,39.03,0,0,1,1,6.1,8.41,0.6,0.69284,13,0
0,0,1,39.77,1,0,0,0,11.2,8.32,2.5,0.49538,12,0
1,0,1,41.13,0,0,1,0,11.2,8.32,2.5,0.49538,12,0
0,0,1,45.6,0,0,1,0,11.2,8.32,2.5,0.49538,12,0
1,0,1,43.72,0,0,1,0,11.2,8.32,2.5,0.49538,12,0
1,0,1,40.45,0,0,1,0,11.2,8.32,2.5,0.49538,13,1
1,0,1,44.63,0,0,1,0,11.2,8.32,2.5,0.49538,12,0
1,0,1,48.61,0,0,1,0,11.2,8.32,2.5,0.49538,15,0
1,0,0,46,0,0,1,0,11.2,8.32,2.5,0.49538,16,0
1,0,1,45.46,0,0,1,0,12.3,8.32,6.8,0.49538,12,0
0,0,1,43.01,0,0,1,0,12.3,8.32,6.8,0.49538,12,0
0,0,1,37.96,0,0,1,0,12.3,8.32,6.8,0.49538,12,0
0,0,1,51.71,0,0,1,0,12.3,8.32,6.8,0.49538,13,0
0,0,1,39.61,0,0,0,0,12.3,8.32,6.8,0.49538,12,0
1,0,1,46.66,0,0,1,0,12.3,8.32,6.8,0.49538,15,0
1,0,1,43.35,0,0,1,0,6.8,8.41,5,0.69284,12,0
0,0,1,39.3,0,0,1,0,6.8,8.41,5,0.69284,12,0
1,0,1,43.64,0,0,1,0,6.8,8.41,5,0.69284,13,0
1,0,1,42.61,0,0,1,0,6.8,8.41,5,0.69284,14,0
1,0,0,55.09,0,0,1,0,6.6,8.89,1.2,0.25751,13,0
0,0,1,55.62,0,0,1,0,6.6,8.89,1.2,0.25751,16,0
1,0,1,43.73,0,0,1,0,6.6,8.89,1.2,0.25751,14,0
1,0,0,41,0,0,1,0,6.6,8.89,1.2,0.25751,12,1
1,0,0,37.04,0,0,1,0,6.6,8.89,1.2,0.25751,12,0
0,0,0,56.82,1,0,0,0,6.6,8.89,0.4,0.25751,15,0
0,0,0,65.04,1,0,1,0,6.6,8.89,0.4,0.25751,15,0
0,0,1,55.39,0,0,0,0,6.6,8.89,0.4,0.25751,12,0
0,0,1,52.07,0,0,1,0,6.6,8.89,0.4,0.25751,14,1
1,0,1,54.96,0,0,0,0,6.6,8.89,0.4,0.25751,15,0
0,0,0,64.92,1,0,1,0,6.6,8.89,0.4,0.25751,16,1
0,0,1,51.49,0,0,1,0,6.6,8.89,0.4,0.25751,14,0
1,0,1,54.26,0,0,1,0,6.6,8.89,0.4,0.25751,12,0
1,0,1,36.23,0,0,1,0,6.8,8.89,1.5,0.25751,12,0
1,1,0,49.08,0,0,1,0,6.8,8.89,1.5,0.25751,14,1
1,0,0,46.93,0,1,1,0,6.8,8.89,1.5,0.25751,15,1
1,0,1,47.43,0,0,1,0,6.8,8.89,1.5,0.25751,14,0
1,0,0,53.86,1,1,1,0,6.8,8.89,1.5,0.25751,14,0
0,0,0,64.91,0,0,1,0,6.8,8.89,1.5,0.25751,16,0
0,0,1,42.47,0,0,1,0,6.8,8.89,1.5,0.25751,15,0
1,0,0,54.62,0,1,0,0,6.8,8.89,1.5,0.25751,14,1
1,1,0,46.96,0,0,1,0,6.8,8.89,1.5,0.25751,14,0
1,0,0,57.48,0,0,1,0,6.8,8.89,1.5,0.25751,15,0
1,0,1,48.48,0,0,0,0,6.8,8.89,1.5,0.25751,13,0
1,0,1,39.5,0,0,1,0,6.8,8.89,1.5,0.25751,12,0
1,0,1,41.2,0,0,0,0,6.8,8.89,1.5,0.25751,13,0
0,0,0,54.39,0,0,1,0,6.8,8.89,1.5,0.25751,12,0
0,0,1,45.84,0,0,1,0,6.8,8.89,1.5,0.25751,16,0
0,0,0,44.92,0,0,1,0,6.8,8.89,1.5,0.25751,12,1
1,0,1,50.47,0,0,1,0,6.8,8.89,1.5,0.25751,15,0
0,0,1,43.7,0,0,1,0,6.8,8.89,1.5,0.25751,14,0
0,0,0,60.71,0,0,1,0,6.8,8.89,1.5,0.25751,16,0
1,0,1,37.12,0,0,0,0,6.8,8.89,1.5,0.25751,12,0
0,0,0,50.43,0,0,1,0,6.8,8.89,1.5,0.25751,13,0
1,0,0,52.92,0,0,1,0,6.8,8.89,1.5,0.25751,14,0
0,0,1,37.85,0,0,1,0,6.6,8.89,1,0.25751,13,0
0,0,1,54.84,0,0,0,0,6.6,8.89,1,0.25751,12,0
1,0,1,49.57,0,0,1,0,6.6,8.89,1,0.25751,14,0
1,0,1,47.53,0,0,1,0,6.6,8.89,1,0.25751,14,0
1,0,1,56.02,0,0,1,0,6.6,8.89,1,0.25751,16,0
1,0,1,53.38,0,0,1,0,6.6,8.89,1,0.25751,12,0
0,0,1,62.66,0,0,1,0,6.6,8.89,1,0.25751,13,0
0,0,1,47.83,0,0,1,0,6.6,8.89,1,0.25751,12,0
0,0,1,52.47,0,0,1,0,6.6,8.89,1,0.25751,14,1
0,0,1,53.24,0,0,1,0,6.6,8.89,1,0.25751,12,0
1,0,0,41.58,0,0,0,1,7.2,8.89,1.5,0.25751,12,0
1,0,0,43.12,0,0,1,1,7.2,8.89,1.5,0.25751,12,1
0,0,1,37.77,0,0,0,1,7.2,8.89,1.5,0.25751,15,0
1,0,1,42.19,0,0,1,1,7.2,8.89,1.5,0.25751,12,0
1,0,1,37.63,1,0,1,1,7.2,8.89,1.5,0.25751,14,1
1,0,1,37.33,0,0,1,1,7.2,8.89,1.5,0.25751,12,0
0,0,0,54.06,0,0,1,1,4.3,8.89,1,0.25751,12,0
1,1,0,42.59,1,0,1,1,4.3,8.89,1,0.25751,14,0
0,0,1,50.73,0,0,0,1,6.8,8.89,0.7,0.25751,14,0
0,0,1,63.89,0,0,1,1,6.8,8.89,0.7,0.25751,13,0
0,0,0,55.9,0,0,1,1,4.3,8.89,1,0.25751,14,0
1,0,0,54.97,0,0,1,1,4.3,8.89,1,0.25751,13,0
1,0,0,59.56,0,0,0,1,4.3,8.89,1,0.25751,12,0
0,0,0,61.01,0,0,1,1,4.3,8.89,1,0.25751,16,0
1,0,0,46,1,1,1,1,4.3,8.89,1,0.25751,12,0
1,0,0,46.77,1,1,1,1,4.3,8.89,1,0.25751,12,0
1,0,0,49.93,0,0,1,1,4.3,8.89,1,0.25751,12,0
0,1,0,46.2,0,0,1,1,4.3,8.89,1,0.25751,14,1
0,1,0,59.36,0,0,1,0,6.6,8.89,0.5,0.25751,17,0
1,0,1,55.49,0,0,0,0,6.6,8.89,0.5,0.25751,14,0
1,0,1,54.82,0,0,0,0,6.6,8.89,0.5,0.25751,17,0
0,0,1,39.82,0,0,1,0,6.6,8.89,0.5,0.25751,12,0
0,0,0,55.28,1,1,1,0,6.6,8.89,0.5,0.25751,16,1
0,0,0,56.02,1,0,1,0,6.6,8.89,0.5,0.25751,12,0
1,0,1,41.84,0,0,1,0,6.6,8.89,0.1,0.25751,12,0
1,0,0,48.65,1,0,1,0,6.6,8.89,1,0.25751,12,0
0,0,0,53.31,1,1,1,0,6.6,8.89,1,0.25751,12,0
0,0,1,32.84,0,0,1,0,6.6,8.89,1,0.25751,12,0
0,0,0,47.61,1,0,1,0,6.6,8.89,1,0.25751,14,0
0,0,1,44.69,0,0,1,0,6.6,8.89,1,0.25751,13,0
0,0,1,43.85,1,1,0,0,6.6,8.89,1,0.25751,14,0
1,0,1,41.59,0,0,1,0,6.6,8.89,1,0.25751,18,1
1,0,1,49.35,0,0,1,0,6.6,8.89,1,0.25751,13,0
0,0,0,32.74,0,1,1,0,6.6,8.89,1,0.25751,12,0
0,0,0,57.22,0,0,1,0,6.6,8.89,1,0.25751,15,0
0,0,1,59.63,0,0,1,0,6.6,8.89,1,0.25751,12,1
1,0,1,51.11,0,0,1,0,6.7,8.89,4.6,0.25751,12,0
0,1,0,46.56,0,1,1,0,6.7,8.89,4.6,0.25751,15,0
1,0,1,39.8,0,0,1,0,6.7,8.89,4.6,0.25751,12,0
1,0,1,43.02,0,0,1,0,6.7,8.89,4.6,0.25751,12,0
1,0,1,40.29,0,0,0,0,6.7,8.89,4.6,0.25751,12,0
1,0,1,49.12,0,0,1,0,6.7,8.89,4.6,0.25751,12,0
1,1,0,34.78,0,1,1,0,6.7,8.89,4.6,0.25751,13,0
0,1,0,38.4,1,0,0,0,6.6,8.89,1,0.25751,13,1
1,0,1,36.45,0,0,1,0,6.6,8.89,1,0.25751,13,0
1,0,0,62.56,0,0,0,0,9,8.89,2.2,0.25751,16,0
0,0,1,63.25,0,0,1,0,9,8.89,2.2,0.25751,17,1
1,0,1,57.39,0,0,1,0,9,8.89,2.2,0.25751,12,0
1,0,0,40.9,0,0,0,0,9,8.89,2.2,0.25751,12,0
0,0,0,51.19,0,0,1,0,9,8.89,2.2,0.25751,15,1
0,0,1,41.34,0,0,1,0,6.7,8.89,5,0.25751,12,0
0,1,0,37.95,1,0,1,0,6.7,8.89,5,0.25751,12,0
0,0,0,31.82,0,0,1,0,6.7,8.89,5,0.25751,12,0
1,0,1,37.51,0,0,1,0,6.7,8.89,5,0.25751,12,0
0,0,0,47.79,0,0,1,0,6.7,8.89,5,0.25751,12,0
1,0,1,39.89,0,0,1,0,6.6,8.89,1,0.25751,17,0
0,0,1,47.15,0,0,1,0,6.8,8.89,1.5,0.25751,16,0
0,0,1,58.62,0,0,0,0,6.8,8.89,1.5,0.25751,16,1
1,0,0,57.75,0,1,0,0,6.6,8.89,0.5,0.25751,15,1
0,0,1,40.56,0,0,0,0,6.6,8.89,0.5,0.25751,13,0
1,0,1,47.23,0,0,1,0,6.6,8.89,0.5,0.25751,12,0
0,0,0,43.64,1,1,1,0,6.6,8.89,0.5,0.25751,13,1
1,0,0,53.01,0,0,1,0,6.6,8.89,0.5,0.25751,14,0
0,0,0,42.63,0,0,1,0,6.6,8.89,0.5,0.25751,15,0
1,0,1,38.95,0,0,1,0,9.8,8.89,4.3,0.25751,12,1
0,0,1,49.45,0,0,1,0,9.8,8.89,4.3,0.25751,17,0
0,0,1,58.68,0,0,1,0,9.8,8.89,4.3,0.25751,17,0
0,0,0,38.85,0,0,1,0,9.8,8.89,4.3,0.25751,16,0
0,0,1,42.05,0,0,1,0,9.8,8.89,4.3,0.25751,12,0
0,0,1,41.53,0,0,0,0,9.8,8.89,4.3,0.25751,13,0
1,0,1,40.98,0,0,0,0,9.8,8.89,4.3,0.25751,12,0
1,0,0,48.02,1,1,1,0,9.8,8.89,4.3,0.25751,15,1
1,0,1,45.95,0,0,0,0,9,8.89,2.5,0.25751,12,0
1,0,0,68.36,0,0,1,0,9,8.89,2.5,0.25751,17,0
1,0,1,43.39,0,0,1,0,9,8.89,2.5,0.25751,13,0
0,0,1,41.4,0,0,1,0,9,8.89,2.5,0.25751,12,0
1,0,0,51.48,0,0,1,0,9,8.89,2.5,0.25751,16,0
1,0,1,61.16,0,0,1,0,9,8.89,2.5,0.25751,15,0
1,0,1,53.36,0,0,1,0,7.2,8.89,1,0.25751,12,0
0,0,0,64.67,0,0,1,0,7.2,8.89,1,0.25751,13,0
1,0,0,58.29,0,0,0,0,7.2,8.89,1,0.25751,14,0
1,0,0,53.99,0,0,1,0,7.2,8.89,1,0.25751,12,1
1,0,0,60.27,0,1,1,0,7.2,8.89,1,0.25751,12,0
0,0,1,44.78,0,0,1,0,6.7,8.89,5,0.25751,15,0
1,0,1,52.76,0,0,1,0,6.7,8.89,5,0.25751,14,0
0,0,1,34.62,0,0,1,0,6.7,8.89,5,0.25751,12,0
0,0,1,60.32,1,0,1,0,6.7,8.89,5,0.25751,14,0
1,0,1,39.92,0,0,0,0,6.7,8.89,5,0.25751,14,0
1,0,1,42.46,0,0,0,0,6.7,8.89,5,0.25751,14,0
1,0,1,60.04,0,0,1,0,6.7,8.89,5,0.25751,15,0
1,0,1,40.81,0,0,1,0,6.6,8.89,0.1,0.25751,13,0
0,0,1,58.19,0,0,1,0,6.6,8.89,0.1,0.25751,15,0
1,0,1,38.33,0,0,1,0,6.6,8.89,0.1,0.25751,12,0
0,0,0,38.89,0,0,1,0,6.6,8.89,0.1,0.25751,12,1
1,0,0,55.48,1,0,1,0,6.6,8.89,0.1,0.25751,15,1
1,0,1,45.6,0,0,1,0,6.6,8.89,0.1,0.25751,16,0
1,0,1,44.6,0,0,1,0,6.6,8.89,0.1,0.25751,12,0
0,0,0,48.33,0,1,1,0,6.6,8.89,0.1,0.25751,16,1
0,0,1,37.16,0,0,1,0,8.7,8.89,2.1,0.25751,13,0
1,0,0,48.22,0,0,1,0,8.7,8.89,2.1,0.25751,16,1
1,0,0,59.24,0,0,0,0,8.7,8.89,2.1,0.25751,18,0
1,0,0,55.73,1,0,1,0,8.7,8.89,2.1,0.25751,12,0
1,0,0,62.28,0,0,1,0,8.7,8.89,2.1,0.25751,12,0
0,0,1,33.74,0,0,0,0,8.7,8.89,2.1,0.25751,12,0
1,0,1,41,0,0,0,0,8.7,8.89,2.1,0.25751,12,0
1,0,0,37.53,0,0,0,0,8.7,8.89,2.1,0.25751,13,1
0,0,1,43.36,0,0,0,0,8.7,8.89,2.1,0.25751,13,0
1,0,1,41.36,0,0,1,0,8.7,8.89,2.1,0.25751,12,0
0,0,0,48.74,1,1,1,0,8.7,8.89,2.1,0.25751,14,1
1,0,1,40.04,0,0,1,0,7.7,8.89,3.5,0.25751,12,0
1,0,1,41.06,0,0,1,0,7.7,8.89,3.5,0.25751,18,0
1,0,1,49.5,0,0,1,0,7.7,8.89,3.5,0.25751,16,0
0,0,1,53.37,0,0,1,0,10.5,12.96,9,0.71363,13,0
1,0,0,62.07,0,0,1,0,10.5,12.96,9,0.71363,12,1
1,0,1,40.84,0,0,1,0,10.5,12.96,9,0.71363,12,0
0,0,0,54.19,0,0,1,0,10.5,12.96,9,0.71363,12,0
1,0,1,54.49,0,0,1,0,10.5,12.96,9,0.71363,12,0
1,0,1,39.32,0,0,1,0,10.5,12.96,9,0.71363,14,0
0,0,1,52.29,0,0,1,0,10.5,12.96,9,0.71363,12,0
1,0,1,46.01,0,0,1,0,8.2,8.89,5,0.25751,14,0
0,0,1,37.29,0,0,1,0,8.2,8.89,5,0.25751,12,0
1,0,1,35.18,0,0,1,0,8.2,8.89,5,0.25751,12,0
0,0,1,54.49,0,0,1,0,22.3,8.89,12,0.25751,13,0
0,0,1,61.54,0,0,0,0,22.3,8.89,12,0.25751,13,0
0,0,1,63.95,0,0,1,0,22.3,8.89,12,0.25751,15,0
1,0,1,55.68,0,0,1,0,22.3,8.89,12,0.25751,14,0
1,0,0,54.19,1,0,0,0,22.3,8.89,12,0.25751,12,0
0,0,1,37.83,0,0,0,0,8.2,8.89,4,0.25751,12,0
0,0,1,54.81,0,0,1,0,8.2,8.89,4,0.25751,16,1
0,0,0,48.58,0,1,0,0,8.2,8.89,4,0.25751,16,0
1,0,1,54.81,0,0,1,0,8.2,8.89,4,0.25751,14,0
1,0,0,61.76,0,0,1,1,10.9,8.89,0.3,0.25751,12,0
0,0,0,66.17,1,1,1,0,4.7,8.89,0.6,0.25751,17,1
1,0,0,67.32,1,0,1,0,4.7,8.89,0.6,0.25751,16,1
1,0,0,59.88,1,0,1,0,4.7,8.89,0.6,0.25751,17,1
0,0,0,57.75,1,1,1,0,4.7,8.89,0.6,0.25751,16,1
0,0,0,66.66,1,1,1,0,4.7,8.89,0.6,0.25751,13,1
0,0,0,40.75,1,1,0,0,4.7,8.89,0.6,0.25751,16,0
1,1,0,32.14,0,1,1,0,4.7,8.89,0.5,0.25751,12,0
0,0,0,51.9,1,0,1,0,4.7,8.89,0.5,0.25751,12,1
0,0,0,49.33,0,0,0,1,8.2,8.89,0.8,0.25751,12,1
1,0,0,55.83,1,1,1,0,6.1,12.96,1,0.71363,15,1
0,0,0,52.86,1,0,1,0,6.1,12.96,1,0.71363,16,0
1,0,0,56.1,1,0,0,0,6.1,12.96,1,0.71363,17,0
0,0,0,53.22,1,1,1,0,6.1,12.96,1,0.71363,16,1
1,0,0,58.5,1,1,1,0,6.1,12.96,1,0.71363,13,0
0,0,0,62.65,1,1,1,0,6.1,12.96,1,0.71363,14,0
1,0,0,48.75,1,1,1,0,6.1,12.96,1,0.71363,17,0
0,0,0,60.24,1,1,1,0,6.1,12.96,1,0.71363,16,1
0,0,0,63.14,1,1,0,0,6.1,12.96,1,0.71363,13,0
1,0,0,61.51,1,1,1,0,6.1,12.96,1,0.71363,16,1
0,0,0,64.97,1,1,1,0,6.1,12.96,1,0.71363,14,1
0,1,0,53.04,1,1,1,0,6.1,12.96,1,0.71363,14,1
1,0,0,53.5,1,0,1,0,6.1,12.96,1,0.71363,16,1
1,0,0,58.35,1,0,1,0,6.1,12.96,1,0.71363,14,0
1,0,0,59.5,1,1,1,1,6.6,8.89,1,0.25751,13,1
0,0,0,43.62,1,0,1,1,6.6,8.89,0.6,0.25751,12,1
0,0,0,49.91,1,0,1,1,6.6,8.89,0.6,0.25751,13,1
1,0,0,58.06,1,0,1,0,8.2,8.89,0.4,0.25751,14,0
1,0,0,66.2,1,0,1,0,8.2,8.89,0.4,0.25751,14,0
1,0,1,41.22,0,0,0,0,8.2,8.89,0.4,0.25751,14,0
1,0,0,57.17,1,1,1,0,8.2,8.89,0.4,0.25751,14,0
1,0,0,57.64,0,0,0,0,8.2,8.89,0.4,0.25751,16,1
0,0,0,51.27,1,0,1,0,8.2,8.89,0.4,0.25751,15,1
1,0,0,56.38,1,0,1,0,8.2,8.89,0.4,0.25751,16,1
1,1,0,47.27,0,0,1,0,8.2,8.89,0.4,0.25751,14,1
1,0,0,57.3,0,0,1,0,8.2,8.89,0.4,0.25751,14,0
0,0,1,41.64,0,0,1,0,8.2,8.89,0.4,0.25751,15,1
0,0,0,49.84,0,0,1,0,7.7,8.89,0.4,0.25751,15,0
0,0,1,59.03,0,0,1,0,7.7,8.89,0.4,0.25751,16,0
0,0,0,54.08,0,0,1,0,7.7,8.89,0.4,0.25751,12,0
0,0,1,56.6,1,0,0,0,7.7,8.89,0.4,0.25751,15,0
0,0,0,44.06,0,0,1,0,7.7,8.89,0.4,0.25751,14,0
0,0,0,47.09,0,0,1,0,7.7,8.89,0.4,0.25751,12,0
0,0,1,49.2,0,0,1,0,7.7,8.89,0.4,0.25751,12,0
0,0,0,60.47,0,0,1,0,10.7,11.56,1.2,1.07737,16,0
0,0,0,54.38,0,0,1,0,10.7,11.56,1.2,1.07737,12,0
1,0,0,45.92,0,1,1,0,7.1,8.89,0.7,0.25751,15,1
1,0,0,63.09,0,0,1,0,7.1,8.89,0.7,0.25751,13,0
1,0,0,52.07,1,1,1,0,7.1,8.89,0.7,0.25751,16,1
1,0,0,56.38,0,0,1,0,7.1,8.89,0.7,0.25751,16,0
1,0,0,52.72,0,0,1,0,7.1,8.89,0.7,0.25751,12,0
1,0,0,65.13,0,0,1,0,7.1,8.89,0.7,0.25751,16,0
1,0,0,51.38,0,0,1,0,7.1,8.89,0.7,0.25751,12,0
1,0,0,43.15,0,0,1,0,7.1,8.89,0.7,0.25751,13,0
0,0,1,57.82,0,0,1,0,6.6,8.89,0.5,0.25751,17,0
0,0,1,47.82,0,0,1,0,6.6,8.89,0.5,0.25751,16,0
0,0,1,48.49,0,0,1,0,6.6,8.89,0.5,0.25751,12,1
0,0,1,49.73,0,0,1,0,6.6,8.89,0.5,0.25751,13,1
0,0,1,52.14,0,0,0,0,6.6,8.89,0.5,0.25751,12,0
0,0,1,53.41,0,0,1,0,6.6,8.89,0.5,0.25751,17,0
0,0,1,49.35,0,0,0,0,6.6,8.89,0.5,0.25751,13,0
0,0,1,57.5,0,0,1,0,6.6,8.89,0.5,0.25751,15,0
0,0,1,42.9,0,0,1,0,6.6,8.89,0.5,0.25751,12,0
0,0,0,57.37,1,1,1,0,6.6,8.89,0.5,0.25751,15,0
1,0,1,59.98,0,0,0,0,6.6,8.89,0.3,0.25751,12,0
1,0,1,57.29,0,0,1,0,6.6,8.89,0.3,0.25751,15,0
1,0,1,44.64,0,0,1,0,6.6,8.89,0.3,0.25751,13,0
1,0,1,56.13,0,0,1,0,6.6,8.89,0.3,0.25751,15,0
1,0,1,51.96,0,1,1,0,6.6,8.89,0.3,0.25751,15,0
1,0,1,43.89,0,0,1,0,6.6,8.89,0.3,0.25751,12,0
1,0,1,51.75,1,0,1,0,6.6,8.89,0.3,0.25751,15,1
1,0,1,46.34,0,0,0,0,6.6,8.89,0.3,0.25751,14,0
1,0,1,61.75,0,0,0,0,6.6,8.89,0.3,0.25751,16,0
1,0,1,53,0,0,1,0,6.6,8.89,0.3,0.25751,16,0
1,0,1,37.09,0,0,1,0,6.6,8.89,0.3,0.25751,15,0
1,0,1,51.23,0,0,1,0,6.6,8.89,0.3,0.25751,13,0
1,0,1,50.17,0,0,1,0,6.6,8.89,0.3,0.25751,15,0
1,0,1,50.55,0,0,1,0,6.6,8.89,0.3,0.25751,12,0
1,0,1,53.33,0,0,1,0,6.6,8.89,0.3,0.25751,13,0
1,0,1,43.72,0,0,0,0,6.6,8.89,0.3,0.25751,16,0
1,0,0,54.62,1,1,1,0,6.6,8.89,0.2,0.25751,16,1
1,0,1,48.34,0,0,1,0,6.6,8.89,0.2,0.25751,13,0
1,0,1,51.99,0,0,1,0,6.6,8.89,0.2,0.25751,16,0
1,0,1,51.94,0,0,1,0,6.6,8.89,0.2,0.25751,14,0
1,0,1,56.02,0,0,1,0,6.6,8.89,0.2,0.25751,15,0
1,0,0,39.87,1,0,0,0,6.6,8.89,0.2,0.25751,12,1
1,0,0,48.49,0,0,1,0,6.6,8.89,0.2,0.25751,12,0
0,1,0,69.9,1,1,1,0,6.6,8.89,0.1,0.25751,17,1
0,0,1,53.58,1,0,1,0,6.6,8.89,0.1,0.25751,16,1
0,0,1,47.06,0,0,1,0,6.6,8.89,0.1,0.25751,16,0
0,0,1,61.16,0,0,1,0,6.6,8.89,0.1,0.25751,16,0
0,0,0,61.04,1,0,1,0,6.6,8.89,0.1,0.25751,15,1
0,0,1,68.44,0,0,0,0,6.6,8.89,0.1,0.25751,16,0
0,0,1,61.03,1,0,1,0,6.6,8.89,0.1,0.25751,16,1
1,0,1,46.91,0,0,1,0,6.8,8.89,1.5,0.25751,14,0
1,0,0,40.71,0,0,1,0,6.8,8.89,1.5,0.25751,13,0
1,0,1,40.6,0,0,1,0,6.8,8.89,1.5,0.25751,18,0
0,0,0,51.19,0,0,1,0,6.8,8.89,1.5,0.25751,12,0
0,0,0,51.73,0,0,1,0,6.8,8.89,1.5,0.25751,14,0
0,0,1,52.01,0,0,1,0,6.8,8.89,1.5,0.25751,17,0
1,0,1,52.76,0,0,1,0,6.8,8.89,1.5,0.25751,14,0
1,0,1,57.16,0,0,1,0,6.8,8.89,1.5,0.25751,14,0
1,0,0,53.5,0,0,0,0,6.8,8.89,1.5,0.25751,13,0
0,1,0,66.52,0,0,1,0,6.8,8.89,1.5,0.25751,12,0
1,0,0,69.32,0,0,1,0,6.6,8.89,1.4,0.25751,16,0
1,0,1,55.62,0,0,0,0,6.6,8.89,1.4,0.25751,12,0
1,0,0,66.31,0,0,1,0,6.6,8.89,1.4,0.25751,17,0
0,0,1,46.91,0,0,0,0,6.6,8.89,1.4,0.25751,17,1
0,0,0,57.42,1,0,1,0,6.6,8.89,0.3,0.25751,15,0
1,0,0,44.97,1,0,1,0,6.6,8.89,0.3,0.25751,14,1
0,0,0,42.08,1,0,1,0,6.6,8.89,0.3,0.25751,12,0
1,0,0,49.24,0,0,1,0,6.6,8.89,0.3,0.25751,15,0
0,0,1,51.69,0,0,1,0,6.6,8.89,0.3,0.25751,14,0
1,0,0,57.34,0,0,1,0,6.6,8.89,0.3,0.25751,16,0
1,0,0,67.18,0,0,1,0,6.6,8.89,0.3,0.25751,16,1
1,0,1,58.16,0,0,1,0,6.6,8.89,0.3,0.25751,16,0
1,0,0,58.44,0,1,1,0,6.6,8.89,0.3,0.25751,15,1
0,1,0,49.25,1,1,1,0,6.6,8.89,0.3,0.25751,16,1
0,1,0,50.83,0,0,1,0,6.6,8.89,0.3,0.25751,12,1
1,0,0,59.29,0,0,1,0,6.6,8.89,0.3,0.25751,15,1
0,1,0,56.53,0,0,1,0,6.6,8.89,0.8,0.25751,13,1
0,1,0,59.77,0,0,1,0,6.6,8.89,0.8,0.25751,15,1
0,0,0,43.17,0,0,1,0,6.6,8.89,0.8,0.25751,12,1
0,1,0,49.97,1,1,1,0,6.6,8.89,0.8,0.25751,16,1
0,1,0,53.41,0,1,1,0,6.6,8.89,0.8,0.25751,13,1
